date,country,city,gt_airbnb,gt_hotel,gt_flights,gt_attraction_1,gt_attraction_2,gt_attraction_3,nights_spent,gt_combined,is_arrival_shock,is_attention_spike,attn_led_arrival
2020-01-01,Spain,barcelona,4,54,12,48,6,29,21539039.0,25.5,0,0,0
2020-02-01,Spain,barcelona,4,58,6,50,7,50,23579845.0,29.166666666666668,0,0,0
2020-03-01,Spain,barcelona,2,27,5,36,3,22,10975525.0,15.833333333333334,0,0,0
2020-04-01,Spain,barcelona,1,10,1,25,0,10,0.0,7.833333333333333,0,0,0
2020-05-01,Spain,barcelona,2,12,2,31,1,10,572162.0,9.666666666666666,0,0,0
2020-06-01,Spain,barcelona,3,23,2,36,2,12,3916553.0,13.0,0,0,0
2020-07-01,Spain,barcelona,3,32,2,28,2,12,21755739.0,13.166666666666666,0,0,0
2020-08-01,Spain,barcelona,3,33,2,30,2,7,31661014.0,12.833333333333334,0,0,0
2020-09-01,Spain,barcelona,2,28,2,40,2,11,13395196.0,14.166666666666666,0,0,0
2020-10-01,Spain,barcelona,2,24,2,34,2,12,7849462.0,12.666666666666666,0,0,0
2020-11-01,Spain,barcelona,1,18,1,29,1,7,4357310.0,9.5,0,0,0
2020-12-01,Spain,barcelona,1,23,1,30,1,5,5074994.0,10.166666666666666,0,0,0
2021-01-01,Spain,barcelona,1,19,1,23,1,5,3905773.0,8.333333333333334,0,0,0
2021-02-01,Spain,barcelona,2,24,1,30,1,7,3691649.0,10.833333333333334,0,0,0
2021-03-01,Spain,barcelona,2,27,1,30,1,8,5591945.0,11.5,0,0,0
2021-04-01,Spain,barcelona,2,25,1,29,1,14,6910432.0,12.0,0,0,0
2021-05-01,Spain,barcelona,3,38,2,34,2,19,11092892.0,16.333333333333332,0,0,0
2021-06-01,Spain,barcelona,4,46,2,38,3,23,21634497.0,19.333333333333332,0,0,0
2021-07-01,Spain,barcelona,4,54,3,41,6,24,42349731.0,22.0,1,0,0
2021-08-01,Spain,barcelona,3,68,3,46,8,14,56753849.0,23.666666666666668,1,0,0
2021-09-01,Spain,barcelona,3,52,3,55,6,17,36255305.0,22.666666666666668,0,0,0
2021-10-01,Spain,barcelona,3,51,4,51,7,26,32217680.0,23.666666666666668,0,0,0
2021-11-01,Spain,barcelona,3,45,3,51,6,31,20237815.0,23.166666666666668,0,0,0
2021-12-01,Spain,barcelona,3,43,3,72,6,16,18790741.0,23.833333333333332,0,0,0
2022-01-01,Spain,barcelona,4,43,3,44,4,17,15394675.0,19.166666666666668,0,0,0
2022-02-01,Spain,barcelona,5,59,5,48,6,33,18990282.0,26.0,0,0,0
2022-03-01,Spain,barcelona,5,55,5,50,7,37,23600888.0,26.5,0,0,0
2022-04-01,Spain,barcelona,5,62,5,59,10,46,34558347.0,31.166666666666668,0,0,0
2022-05-01,Spain,barcelona,6,64,5,58,10,56,39486464.0,33.166666666666664,0,1,0
2022-06-01,Spain,barcelona,5,67,7,59,11,79,48649387.0,38.0,1,1,1
2022-07-01,Spain,barcelona,6,67,7,59,13,100,63965423.0,42.0,1,1,1
2022-08-01,Spain,barcelona,5,67,5,64,13,39,72032841.0,32.166666666666664,1,0,1
2022-09-01,Spain,barcelona,5,58,6,63,10,37,49012409.0,29.833333333333332,0,0,0
2022-10-01,Spain,barcelona,4,51,6,100,10,35,39265874.0,34.333333333333336,0,0,0
2022-11-01,Spain,barcelona,4,49,5,68,7,26,23611518.0,26.5,0,0,0
2022-12-01,Spain,barcelona,3,45,4,64,6,26,23056834.0,24.666666666666668,0,0,0
2023-01-01,Spain,barcelona,5,52,6,55,6,27,21452922.0,25.166666666666668,0,0,0
2023-02-01,Spain,barcelona,6,53,5,57,8,39,23000407.0,28.0,0,0,0
2023-03-01,Spain,barcelona,6,58,6,57,9,46,27550793.0,30.333333333333332,0,0,0
2023-04-01,Spain,barcelona,5,64,6,69,13,53,38929992.0,35.0,0,0,0
2023-05-01,Spain,barcelona,5,57,6,66,12,61,42696790.0,34.5,0,0,0
2023-06-01,Spain,barcelona,5,58,6,59,12,76,49720530.0,36.0,0,0,0
2023-07-01,Spain,barcelona,5,62,7,62,14,75,64451123.0,37.5,1,0,0
2023-08-01,Spain,barcelona,4,58,6,64,15,36,72495554.0,30.5,1,0,0
2023-09-01,Spain,barcelona,4,53,6,67,13,46,51485539.0,31.5,0,0,0
2023-10-01,Spain,barcelona,4,53,6,63,12,42,42557520.0,30.0,0,0,0
2023-11-01,Spain,barcelona,3,48,5,71,10,30,25542702.0,27.833333333333332,0,0,0
2023-12-01,Spain,barcelona,3,46,4,70,9,30,25026456.0,27.0,0,0,0
2024-01-01,Spain,barcelona,4,46,7,53,7,28,22812617.0,24.166666666666668,0,0,0
2024-02-01,Spain,barcelona,4,49,7,54,9,42,25168963.0,27.5,0,0,0
2024-03-01,Spain,barcelona,4,48,7,63,11,45,33696858.0,29.666666666666668,0,0,0
2024-04-01,Spain,barcelona,5,53,6,63,12,47,36094089.0,31.0,0,0,0
2024-05-01,Spain,barcelona,4,51,7,60,13,57,47236039.0,32.0,0,0,0
2024-06-01,Spain,barcelona,4,51,7,57,12,85,52253673.0,36.0,0,0,0
2024-07-01,Spain,barcelona,4,53,7,57,13,69,65504997.0,33.833333333333336,0,0,0
2024-08-01,Spain,barcelona,4,53,7,58,13,39,73791179.0,29.0,1,0,0
2024-09-01,Spain,barcelona,4,49,8,62,12,38,52868884.0,28.833333333333332,0,0,0
2024-10-01,Spain,barcelona,4,44,7,55,11,41,43871373.0,27.0,0,0,0
2024-11-01,Spain,barcelona,3,39,6,47,8,34,26806814.0,22.833333333333332,0,0,0
2024-12-01,Spain,barcelona,3,38,5,52,6,24,24979937.0,21.333333333333332,0,0,0
2025-01-01,Spain,barcelona,4,41,7,42,6,25,23619948.0,20.833333333333332,0,0,0
2025-02-01,Spain,barcelona,4,43,7,47,7,39,25264418.0,24.5,0,0,0
2025-03-01,Spain,barcelona,3,40,7,45,8,39,30251402.0,23.666666666666668,0,0,0
2025-04-01,Spain,barcelona,4,42,7,51,10,42,39809109.0,26.0,0,0,0
2025-05-01,Spain,barcelona,4,43,6,50,10,51,47170360.0,27.333333333333332,0,0,0
2025-06-01,Spain,barcelona,4,43,7,50,11,61,54175564.0,29.333333333333332,0,0,0
2025-07-01,Spain,barcelona,4,49,7,52,12,57,67091411.0,30.166666666666668,0,0,0
2025-08-01,Spain,barcelona,4,47,7,59,12,34,74367338.0,27.166666666666668,1,0,0
2025-09-01,Spain,barcelona,3,46,7,57,10,35,53888369.0,26.333333333333332,0,0,0
2025-10-01,Spain,barcelona,3,45,7,54,11,40,44751911.0,26.666666666666668,0,0,0
2025-11-01,Spain,barcelona,3,44,13,53,8,33,27377889.0,25.666666666666668,0,0,0
2025-12-01,Spain,barcelona,3,43,10,56,6,27,25809552.0,24.166666666666668,0,0,0
2026-01-01,Spain,barcelona,3,42,10,47,5,22,24000682.0,21.5,0,0,0
2026-02-01,Spain,barcelona,4,42,10,56,8,33,,25.5,0,0,0
2020-01-01,Spain,madrid,8,91,14,1,1,28,21539039.0,23.833333333333332,0,0,0
2020-02-01,Spain,madrid,8,97,7,2,1,48,23579845.0,27.166666666666668,0,0,0
2020-03-01,Spain,madrid,3,39,4,1,0,15,10975525.0,10.333333333333334,0,0,0
2020-04-01,Spain,madrid,1,12,2,0,0,6,0.0,3.5,0,0,0
2020-05-01,Spain,madrid,3,21,2,0,0,5,572162.0,5.166666666666667,0,0,0
2020-06-01,Spain,madrid,5,36,2,0,0,7,3916553.0,8.333333333333334,0,0,0
2020-07-01,Spain,madrid,5,45,2,0,1,7,21755739.0,10.0,0,0,0
2020-08-01,Spain,madrid,4,45,2,0,1,5,31661014.0,9.5,0,0,0
2020-09-01,Spain,madrid,3,39,1,0,0,6,13395196.0,8.166666666666666,0,0,0
2020-10-01,Spain,madrid,2,30,1,0,0,7,7849462.0,6.666666666666667,0,0,0
2020-11-01,Spain,madrid,3,31,1,0,0,8,4357310.0,7.166666666666667,0,0,0
2020-12-01,Spain,madrid,3,37,1,0,0,4,5074994.0,7.5,0,0,0
2021-01-01,Spain,madrid,3,35,1,0,0,4,3905773.0,7.166666666666667,0,0,0
2021-02-01,Spain,madrid,3,39,1,0,0,7,3691649.0,8.333333333333334,0,0,0
2021-03-01,Spain,madrid,4,40,1,0,0,5,5591945.0,8.333333333333334,0,0,0
2021-04-01,Spain,madrid,3,44,1,0,0,8,6910432.0,9.333333333333334,0,0,0
2021-05-01,Spain,madrid,5,59,2,0,1,13,11092892.0,13.333333333333334,0,0,0
2021-06-01,Spain,madrid,6,83,2,1,1,14,21634497.0,17.833333333333332,0,0,0
2021-07-01,Spain,madrid,5,75,3,1,1,11,42349731.0,16.0,1,0,0
2021-08-01,Spain,madrid,5,77,2,1,1,9,56753849.0,15.833333333333334,1,0,0
2021-09-01,Spain,madrid,6,91,3,1,1,14,36255305.0,19.333333333333332,0,0,0
2021-10-01,Spain,madrid,7,100,4,2,1,33,32217680.0,24.5,0,0,0
2021-11-01,Spain,madrid,8,98,3,2,1,18,20237815.0,21.666666666666668,0,0,0
2021-12-01,Spain,madrid,5,80,3,1,1,16,18790741.0,17.666666666666668,0,0,0
2022-01-01,Spain,madrid,7,83,3,1,1,17,15394675.0,18.666666666666668,0,0,0
2022-02-01,Spain,madrid,9,97,5,1,1,26,18990282.0,23.166666666666668,0,0,0
2022-03-01,Spain,madrid,9,96,5,2,1,30,23600888.0,23.833333333333332,0,0,0
2022-04-01,Spain,madrid,8,95,5,2,1,48,34558347.0,26.5,0,0,0
2022-05-01,Spain,madrid,9,96,5,2,1,41,39486464.0,25.666666666666668,0,0,0
2022-06-01,Spain,madrid,8,96,5,2,1,58,48649387.0,28.333333333333332,1,0,0
2022-07-01,Spain,madrid,7,89,6,2,1,100,63965423.0,34.166666666666664,1,1,0
2022-08-01,Spain,madrid,7,90,4,2,1,29,72032841.0,22.166666666666668,1,0,1
2022-09-01,Spain,madrid,8,95,5,2,1,29,49012409.0,23.333333333333332,0,0,0
2022-10-01,Spain,madrid,9,100,5,2,1,21,39265874.0,23.0,0,0,0
2022-11-01,Spain,madrid,9,99,5,2,1,22,23611518.0,23.0,0,0,0
2022-12-01,Spain,madrid,6,81,4,1,1,17,23056834.0,18.333333333333332,0,0,0
2023-01-01,Spain,madrid,9,92,6,2,1,21,21452922.0,21.833333333333332,0,0,0
2023-02-01,Spain,madrid,9,92,5,2,1,30,23000407.0,23.166666666666668,0,0,0
2023-03-01,Spain,madrid,9,81,6,2,1,30,27550793.0,21.5,0,0,0
2023-04-01,Spain,madrid,9,92,5,2,2,36,38929992.0,24.333333333333332,0,0,0
2023-05-01,Spain,madrid,7,82,5,2,1,43,42696790.0,23.333333333333332,0,0,0
2023-06-01,Spain,madrid,9,88,5,2,2,64,49720530.0,28.333333333333332,0,0,0
2023-07-01,Spain,madrid,7,88,6,2,2,76,64451123.0,30.166666666666668,1,0,0
2023-08-01,Spain,madrid,7,80,5,2,1,25,72495554.0,20.0,1,0,0
2023-09-01,Spain,madrid,8,88,6,3,2,37,51485539.0,24.0,0,0,0
2023-10-01,Spain,madrid,9,88,6,3,1,43,42557520.0,25.0,0,0,0
2023-11-01,Spain,madrid,9,93,6,2,1,21,25542702.0,22.0,0,0,0
2023-12-01,Spain,madrid,7,84,5,2,1,18,25026456.0,19.5,0,0,0
2024-01-01,Spain,madrid,8,85,7,2,1,18,22812617.0,20.166666666666668,0,0,0
2024-02-01,Spain,madrid,8,87,8,2,1,28,25168963.0,22.333333333333332,0,0,0
2024-03-01,Spain,madrid,7,80,7,3,2,25,33696858.0,20.666666666666668,0,0,0
2024-04-01,Spain,madrid,8,84,7,3,2,30,36094089.0,22.333333333333332,0,0,0
2024-05-01,Spain,madrid,8,86,7,3,2,39,47236039.0,24.166666666666668,0,0,0
2024-06-01,Spain,madrid,7,81,7,3,2,52,52253673.0,25.333333333333332,0,0,0
2024-07-01,Spain,madrid,7,78,7,2,1,39,65504997.0,22.333333333333332,0,0,0
2024-08-01,Spain,madrid,6,79,7,2,1,25,73791179.0,20.0,1,0,0
2024-09-01,Spain,madrid,7,87,8,3,1,34,52868884.0,23.333333333333332,0,0,0
2024-10-01,Spain,madrid,8,82,8,3,1,25,43871373.0,21.166666666666668,0,0,0
2024-11-01,Spain,madrid,7,82,6,2,1,21,26806814.0,19.833333333333332,0,0,0
2024-12-01,Spain,madrid,6,65,6,2,1,15,24979937.0,15.833333333333334,0,0,0
2025-01-01,Spain,madrid,7,72,8,2,1,17,23619948.0,17.833333333333332,0,0,0
2025-02-01,Spain,madrid,7,72,8,2,1,28,25264418.0,19.666666666666668,0,0,0
2025-03-01,Spain,madrid,7,69,8,3,1,21,30251402.0,18.166666666666668,0,0,0
2025-04-01,Spain,madrid,6,69,7,3,1,26,39809109.0,18.666666666666668,0,0,0
2025-05-01,Spain,madrid,6,65,7,3,2,35,47170360.0,19.666666666666668,0,0,0
2025-06-01,Spain,madrid,6,66,6,3,2,41,54175564.0,20.666666666666668,0,0,0
2025-07-01,Spain,madrid,6,66,6,2,1,31,67091411.0,18.666666666666668,0,0,0
2025-08-01,Spain,madrid,6,70,7,2,2,19,74367338.0,17.666666666666668,1,0,0
2025-09-01,Spain,madrid,7,78,8,3,1,35,53888369.0,22.0,0,0,0
2025-10-01,Spain,madrid,6,79,8,3,1,21,44751911.0,19.666666666666668,0,0,0
2025-11-01,Spain,madrid,6,80,16,2,1,21,27377889.0,21.0,0,0,0
2025-12-01,Spain,madrid,5,70,13,2,1,15,25809552.0,17.666666666666668,0,0,0
2026-01-01,Spain,madrid,7,70,12,2,1,19,24000682.0,18.5,0,0,0
2026-02-01,Spain,madrid,6,72,12,2,1,28,,20.166666666666668,0,0,0
2020-01-01,Spain,valencia,6,63,10,0,0,7,21539039.0,14.333333333333334,0,0,0
2020-02-01,Spain,valencia,6,72,4,0,1,23,23579845.0,17.666666666666668,0,0,0
2020-03-01,Spain,valencia,3,42,2,0,0,88,10975525.0,22.5,0,0,0
2020-04-01,Spain,valencia,1,9,1,0,0,5,0.0,2.6666666666666665,0,0,0
2020-05-01,Spain,valencia,3,14,1,0,0,4,572162.0,3.6666666666666665,0,0,0
2020-06-01,Spain,valencia,6,33,2,0,0,3,3916553.0,7.333333333333333,0,0,0
2020-07-01,Spain,valencia,7,57,1,0,0,2,21755739.0,11.166666666666666,0,0,0
2020-08-01,Spain,valencia,6,67,1,0,0,2,31661014.0,12.666666666666666,0,0,0
2020-09-01,Spain,valencia,4,39,1,0,0,2,13395196.0,7.666666666666667,0,0,0
2020-10-01,Spain,valencia,3,35,1,0,0,3,7849462.0,7.0,0,0,0
2020-11-01,Spain,valencia,2,25,1,0,0,3,4357310.0,5.166666666666667,0,0,0
2020-12-01,Spain,valencia,2,27,1,0,0,2,5074994.0,5.333333333333333,0,0,0
2021-01-01,Spain,valencia,2,21,1,0,0,4,3905773.0,4.666666666666667,0,0,0
2021-02-01,Spain,valencia,2,25,1,0,0,4,3691649.0,5.333333333333333,0,0,0
2021-03-01,Spain,valencia,3,33,1,0,0,9,5591945.0,7.666666666666667,0,0,0
2021-04-01,Spain,valencia,3,37,1,0,0,2,6910432.0,7.166666666666667,0,0,0
2021-05-01,Spain,valencia,6,62,1,0,0,6,11092892.0,12.5,0,0,0
2021-06-01,Spain,valencia,9,83,2,0,0,4,21634497.0,16.333333333333332,0,0,0
2021-07-01,Spain,valencia,8,90,2,0,0,3,42349731.0,17.166666666666668,1,0,0
2021-08-01,Spain,valencia,7,100,2,0,0,22,56753849.0,21.833333333333332,1,0,0
2021-09-01,Spain,valencia,5,65,2,0,0,26,36255305.0,16.333333333333332,0,0,0
2021-10-01,Spain,valencia,5,68,2,0,0,5,32217680.0,13.333333333333334,0,0,0
2021-11-01,Spain,valencia,5,53,2,0,0,4,20237815.0,10.666666666666666,0,0,0
2021-12-01,Spain,valencia,4,44,2,0,0,3,18790741.0,8.833333333333334,0,0,0
2022-01-01,Spain,valencia,6,51,2,0,0,7,15394675.0,11.0,0,0,0
2022-02-01,Spain,valencia,8,86,3,0,0,24,18990282.0,20.166666666666668,0,0,0
2022-03-01,Spain,valencia,9,76,3,0,0,63,23600888.0,25.166666666666668,0,1,0
2022-04-01,Spain,valencia,9,79,3,0,1,5,34558347.0,16.166666666666668,0,0,0
2022-05-01,Spain,valencia,9,79,4,0,0,5,39486464.0,16.166666666666668,0,0,0
2022-06-01,Spain,valencia,10,85,4,1,1,5,48649387.0,17.666666666666668,1,0,0
2022-07-01,Spain,valencia,10,95,4,0,1,3,63965423.0,18.833333333333332,1,0,0
2022-08-01,Spain,valencia,8,92,3,0,1,3,72032841.0,17.833333333333332,1,0,0
2022-09-01,Spain,valencia,7,75,4,0,1,4,49012409.0,15.166666666666666,0,0,0
2022-10-01,Spain,valencia,6,65,3,0,1,5,39265874.0,13.333333333333334,0,0,0
2022-11-01,Spain,valencia,5,60,3,0,0,5,23611518.0,12.166666666666666,0,0,0
2022-12-01,Spain,valencia,5,53,2,0,0,4,23056834.0,10.666666666666666,0,0,0
2023-01-01,Spain,valencia,7,70,4,0,0,9,21452922.0,15.0,0,0,0
2023-02-01,Spain,valencia,9,74,4,0,1,26,23000407.0,19.0,0,0,0
2023-03-01,Spain,valencia,10,77,4,0,1,84,27550793.0,29.333333333333332,0,1,0
2023-04-01,Spain,valencia,9,80,4,0,1,5,38929992.0,16.5,0,0,0
2023-05-01,Spain,valencia,8,65,4,1,1,4,42696790.0,13.833333333333334,0,0,0
2023-06-01,Spain,valencia,10,82,3,1,1,5,49720530.0,17.0,0,0,0
2023-07-01,Spain,valencia,10,82,3,1,1,3,64451123.0,16.666666666666668,1,0,0
2023-08-01,Spain,valencia,9,84,4,1,1,3,72495554.0,17.0,1,0,0
2023-09-01,Spain,valencia,7,67,3,1,1,4,51485539.0,13.833333333333334,0,0,0
2023-10-01,Spain,valencia,7,60,4,1,1,6,42557520.0,13.166666666666666,0,0,0
2023-11-01,Spain,valencia,5,57,3,0,1,5,25542702.0,11.833333333333334,0,0,0
2023-12-01,Spain,valencia,5,60,3,0,0,5,25026456.0,12.166666666666666,0,0,0
2024-01-01,Spain,valencia,6,59,4,0,0,12,22812617.0,13.5,0,0,0
2024-02-01,Spain,valencia,8,74,5,0,1,30,25168963.0,19.666666666666668,0,0,0
2024-03-01,Spain,valencia,8,69,4,1,1,87,33696858.0,28.333333333333332,0,1,0
2024-04-01,Spain,valencia,7,63,4,0,1,6,36094089.0,13.5,0,0,0
2024-05-01,Spain,valencia,7,65,4,1,1,4,47236039.0,13.666666666666666,0,0,0
2024-06-01,Spain,valencia,8,75,4,1,1,5,52253673.0,15.666666666666666,0,0,0
2024-07-01,Spain,valencia,8,79,5,1,1,3,65504997.0,16.166666666666668,0,0,0
2024-08-01,Spain,valencia,7,79,4,0,1,3,73791179.0,15.666666666666666,1,0,0
2024-09-01,Spain,valencia,5,63,5,1,1,5,52868884.0,13.333333333333334,0,0,0
2024-10-01,Spain,valencia,5,54,5,0,1,5,43871373.0,11.666666666666666,0,0,0
2024-11-01,Spain,valencia,4,49,4,0,0,6,26806814.0,10.5,0,0,0
2024-12-01,Spain,valencia,3,39,3,0,0,5,24979937.0,8.333333333333334,0,0,0
2025-01-01,Spain,valencia,5,45,4,0,0,10,23619948.0,10.666666666666666,0,0,0
2025-02-01,Spain,valencia,5,50,5,0,0,29,25264418.0,14.833333333333334,0,0,0
2025-03-01,Spain,valencia,5,48,4,0,1,76,30251402.0,22.333333333333332,0,0,0
2025-04-01,Spain,valencia,6,55,5,0,1,5,39809109.0,12.0,0,0,0
2025-05-01,Spain,valencia,5,53,4,1,1,4,47170360.0,11.333333333333334,0,0,0
2025-06-01,Spain,valencia,6,53,5,1,1,5,54175564.0,11.833333333333334,0,0,0
2025-07-01,Spain,valencia,6,57,5,1,1,3,67091411.0,12.166666666666666,0,0,0
2025-08-01,Spain,valencia,6,60,4,1,1,3,74367338.0,12.5,1,0,0
2025-09-01,Spain,valencia,5,54,5,0,1,5,53888369.0,11.666666666666666,0,0,0
2025-10-01,Spain,valencia,5,46,4,0,1,6,44751911.0,10.333333333333334,0,0,0
2025-11-01,Spain,valencia,4,49,9,1,1,6,27377889.0,11.666666666666666,0,0,0
2025-12-01,Spain,valencia,4,44,7,0,1,5,25809552.0,10.166666666666666,0,0,0
2026-01-01,Spain,valencia,4,42,6,1,0,12,24000682.0,10.833333333333334,0,0,0
2026-02-01,Spain,valencia,5,49,7,1,1,32,,15.833333333333334,0,0,0
2020-01-01,Spain,balearics,1,11,1,74,13,22,21539039.0,20.333333333333332,0,0,0
2020-02-01,Spain,balearics,1,12,1,72,16,31,23579845.0,22.166666666666668,0,0,0
2020-03-01,Spain,balearics,0,7,1,54,11,17,10975525.0,15.0,0,0,0
2020-04-01,Spain,balearics,0,2,0,38,12,12,0.0,10.666666666666666,0,0,0
2020-05-01,Spain,balearics,1,4,0,56,24,15,572162.0,16.666666666666668,0,0,0
2020-06-01,Spain,balearics,2,9,0,67,44,11,3916553.0,22.166666666666668,0,0,0
2020-07-01,Spain,balearics,2,17,0,77,71,17,21755739.0,30.666666666666668,0,0,0
2020-08-01,Spain,balearics,2,18,0,82,96,21,31661014.0,36.5,0,0,0
2020-09-01,Spain,balearics,1,9,0,73,52,20,13395196.0,25.833333333333332,0,0,0
2020-10-01,Spain,balearics,0,6,0,62,17,13,7849462.0,16.333333333333332,0,0,0
2020-11-01,Spain,balearics,0,4,0,54,10,10,4357310.0,13.0,0,0,0
2020-12-01,Spain,balearics,0,4,0,58,11,8,5074994.0,13.5,0,0,0
2021-01-01,Spain,balearics,0,3,0,54,11,8,3905773.0,12.666666666666666,0,0,0
2021-02-01,Spain,balearics,0,5,0,55,13,12,3691649.0,14.166666666666666,0,0,0
2021-03-01,Spain,balearics,1,7,0,58,18,9,5591945.0,15.5,0,0,0
2021-04-01,Spain,balearics,1,8,0,59,23,15,6910432.0,17.666666666666668,0,0,0
2021-05-01,Spain,balearics,1,14,0,70,44,20,11092892.0,24.833333333333332,0,0,0
2021-06-01,Spain,balearics,2,25,0,85,72,24,21634497.0,34.666666666666664,0,0,0
2021-07-01,Spain,balearics,1,26,1,84,78,39,42349731.0,38.166666666666664,1,0,0
2021-08-01,Spain,balearics,1,26,0,88,89,46,56753849.0,41.666666666666664,1,1,0
2021-09-01,Spain,balearics,1,15,1,93,51,41,36255305.0,33.666666666666664,0,0,0
2021-10-01,Spain,balearics,1,12,0,77,27,57,32217680.0,29.0,0,0,0
2021-11-01,Spain,balearics,0,7,0,69,13,16,20237815.0,17.5,0,0,0
2021-12-01,Spain,balearics,0,7,0,58,16,8,18790741.0,14.833333333333334,0,0,0
2022-01-01,Spain,balearics,1,9,0,64,20,22,15394675.0,19.333333333333332,0,0,0
2022-02-01,Spain,balearics,1,12,0,71,23,31,18990282.0,23.0,0,0,0
2022-03-01,Spain,balearics,1,14,1,82,27,30,23600888.0,25.833333333333332,0,0,0
2022-04-01,Spain,balearics,2,20,1,90,37,54,34558347.0,34.0,0,0,0
2022-05-01,Spain,balearics,2,23,1,87,49,63,39486464.0,37.5,0,0,0
2022-06-01,Spain,balearics,2,28,1,97,65,74,48649387.0,44.5,1,1,0
2022-07-01,Spain,balearics,2,26,1,98,68,100,63965423.0,49.166666666666664,1,1,1
2022-08-01,Spain,balearics,2,24,1,100,76,81,72032841.0,47.333333333333336,1,0,1
2022-09-01,Spain,balearics,1,18,1,92,49,55,49012409.0,36.0,0,0,0
2022-10-01,Spain,balearics,1,11,1,75,25,81,39265874.0,32.333333333333336,0,0,0
2022-11-01,Spain,balearics,1,8,0,63,13,23,23611518.0,18.0,0,0,0
2022-12-01,Spain,balearics,0,7,0,59,12,16,23056834.0,15.666666666666666,0,0,0
2023-01-01,Spain,balearics,1,10,0,68,15,17,21452922.0,18.5,0,0,0
2023-02-01,Spain,balearics,1,12,1,70,17,23,23000407.0,20.666666666666668,0,0,0
2023-03-01,Spain,balearics,1,15,1,73,23,35,27550793.0,24.666666666666668,0,0,0
2023-04-01,Spain,balearics,2,18,1,81,33,59,38929992.0,32.333333333333336,0,0,0
2023-05-01,Spain,balearics,1,19,1,86,47,72,42696790.0,37.666666666666664,0,0,0
2023-06-01,Spain,balearics,2,23,1,84,61,65,49720530.0,39.333333333333336,0,0,0
2023-07-01,Spain,balearics,2,25,1,88,73,80,64451123.0,44.833333333333336,1,0,0
2023-08-01,Spain,balearics,1,23,1,92,71,84,72495554.0,45.333333333333336,1,0,0
2023-09-01,Spain,balearics,1,14,1,81,48,53,51485539.0,33.0,0,0,0
2023-10-01,Spain,balearics,1,13,1,70,24,44,42557520.0,25.5,0,0,0
2023-11-01,Spain,balearics,1,9,0,59,13,49,25542702.0,21.833333333333332,0,0,0
2023-12-01,Spain,balearics,1,8,0,59,12,15,25026456.0,15.833333333333334,0,0,0
2024-01-01,Spain,balearics,1,10,1,60,14,24,22812617.0,18.333333333333332,0,0,0
2024-02-01,Spain,balearics,1,13,1,58,17,30,25168963.0,20.0,0,0,0
2024-03-01,Spain,balearics,1,13,1,64,22,27,33696858.0,21.333333333333332,0,0,0
2024-04-01,Spain,balearics,2,15,1,66,29,38,36094089.0,25.166666666666668,0,0,0
2024-05-01,Spain,balearics,1,16,1,72,42,66,47236039.0,33.0,0,0,0
2024-06-01,Spain,balearics,1,19,1,70,55,60,52253673.0,34.333333333333336,0,0,0
2024-07-01,Spain,balearics,1,19,1,69,64,54,65504997.0,34.666666666666664,0,0,0
2024-08-01,Spain,balearics,1,19,1,78,76,62,73791179.0,39.5,1,0,0
2024-09-01,Spain,balearics,1,14,1,68,41,61,52868884.0,31.0,0,0,0
2024-10-01,Spain,balearics,0,10,1,61,22,31,43871373.0,20.833333333333332,0,0,0
2024-11-01,Spain,balearics,0,7,0,52,11,37,26806814.0,17.833333333333332,0,0,0
2024-12-01,Spain,balearics,0,6,0,49,12,14,24979937.0,13.5,0,0,0
2025-01-01,Spain,balearics,1,9,0,53,13,14,23619948.0,15.0,0,0,0
2025-02-01,Spain,balearics,1,11,1,56,15,23,25264418.0,17.833333333333332,0,0,0
2025-03-01,Spain,balearics,1,12,1,58,17,25,30251402.0,19.0,0,0,0
2025-04-01,Spain,balearics,1,12,1,63,27,48,39809109.0,25.333333333333332,0,0,0
2025-05-01,Spain,balearics,1,13,1,60,40,49,47170360.0,27.333333333333332,0,0,0
2025-06-01,Spain,balearics,1,16,1,62,50,52,54175564.0,30.333333333333332,0,0,0
2025-07-01,Spain,balearics,1,17,1,76,59,71,67091411.0,37.5,0,0,0
2025-08-01,Spain,balearics,1,15,1,76,63,46,74367338.0,33.666666666666664,1,0,0
2025-09-01,Spain,balearics,1,13,1,67,40,67,53888369.0,31.5,0,0,0
2025-10-01,Spain,balearics,1,12,1,61,22,29,44751911.0,21.0,0,0,0
2025-11-01,Spain,balearics,1,7,1,54,12,17,27377889.0,15.333333333333334,0,0,0
2025-12-01,Spain,balearics,1,6,1,50,10,12,25809552.0,13.333333333333334,0,0,0
2026-01-01,Spain,balearics,1,8,1,54,13,22,24000682.0,16.5,0,0,0
2026-02-01,Spain,balearics,1,10,1,68,15,25,,20.0,0,0,0
2020-01-01,Spain,andalusia,0,2,10,86,1,8,21539039.0,17.833333333333332,0,0,0
2020-02-01,Spain,andalusia,0,2,6,92,2,13,23579845.0,19.166666666666668,0,0,0
2020-03-01,Spain,andalusia,0,1,8,58,1,10,10975525.0,13.0,0,0,0
2020-04-01,Spain,andalusia,0,0,2,36,0,12,0.0,8.333333333333334,0,0,0
2020-05-01,Spain,andalusia,0,0,2,40,0,2,572162.0,7.333333333333333,0,0,0
2020-06-01,Spain,andalusia,0,0,2,59,0,1,3916553.0,10.333333333333334,0,0,0
2020-07-01,Spain,andalusia,0,1,3,65,0,1,21755739.0,11.666666666666666,0,0,0
2020-08-01,Spain,andalusia,0,1,2,80,0,1,31661014.0,14.0,0,0,0
2020-09-01,Spain,andalusia,0,1,2,65,0,1,13395196.0,11.5,0,0,0
2020-10-01,Spain,andalusia,0,1,2,58,0,1,7849462.0,10.333333333333334,0,0,0
2020-11-01,Spain,andalusia,0,0,2,40,0,1,4357310.0,7.166666666666667,0,0,0
2020-12-01,Spain,andalusia,0,0,1,46,0,1,5074994.0,8.0,0,0,0
2021-01-01,Spain,andalusia,0,0,1,38,0,1,3905773.0,6.666666666666667,0,0,0
2021-02-01,Spain,andalusia,0,0,1,45,0,2,3691649.0,8.0,0,0,0
2021-03-01,Spain,andalusia,0,0,1,45,0,3,5591945.0,8.166666666666666,0,0,0
2021-04-01,Spain,andalusia,0,0,1,47,0,9,6910432.0,9.5,0,0,0
2021-05-01,Spain,andalusia,0,1,2,66,0,2,11092892.0,11.833333333333334,0,0,0
2021-06-01,Spain,andalusia,0,1,3,78,0,1,21634497.0,13.833333333333334,0,0,0
2021-07-01,Spain,andalusia,0,1,3,83,1,1,42349731.0,14.833333333333334,1,0,0
2021-08-01,Spain,andalusia,0,2,4,99,1,1,56753849.0,17.833333333333332,1,0,0
2021-09-01,Spain,andalusia,0,2,4,86,1,2,36255305.0,15.833333333333334,0,0,0
2021-10-01,Spain,andalusia,0,2,4,84,1,2,32217680.0,15.5,0,0,0
2021-11-01,Spain,andalusia,0,2,3,77,1,2,20237815.0,14.166666666666666,0,0,0
2021-12-01,Spain,andalusia,0,1,3,70,1,2,18790741.0,12.833333333333334,0,0,0
2022-01-01,Spain,andalusia,0,1,3,75,1,5,15394675.0,14.166666666666666,0,0,0
2022-02-01,Spain,andalusia,0,2,5,88,1,10,18990282.0,17.666666666666668,0,0,0
2022-03-01,Spain,andalusia,0,2,4,80,2,18,23600888.0,17.666666666666668,0,0,0
2022-04-01,Spain,andalusia,0,2,4,96,2,63,34558347.0,27.833333333333332,0,1,0
2022-05-01,Spain,andalusia,0,3,5,85,2,33,39486464.0,21.333333333333332,0,0,0
2022-06-01,Spain,andalusia,0,2,6,81,2,2,48649387.0,15.5,1,0,1
2022-07-01,Spain,andalusia,0,2,7,84,2,2,63965423.0,16.166666666666668,1,0,0
2022-08-01,Spain,andalusia,0,2,5,91,1,2,72032841.0,16.833333333333332,1,0,0
2022-09-01,Spain,andalusia,0,2,5,82,2,2,49012409.0,15.5,0,0,0
2022-10-01,Spain,andalusia,0,2,5,88,2,2,39265874.0,16.5,0,0,0
2022-11-01,Spain,andalusia,0,2,4,81,1,3,23611518.0,15.166666666666666,0,0,0
2022-12-01,Spain,andalusia,0,1,3,73,1,3,23056834.0,13.5,0,0,0
2023-01-01,Spain,andalusia,0,1,4,77,1,8,21452922.0,15.166666666666666,0,0,0
2023-02-01,Spain,andalusia,0,2,5,78,1,13,23000407.0,16.5,0,0,0
2023-03-01,Spain,andalusia,0,2,5,86,2,21,27550793.0,19.333333333333332,0,0,0
2023-04-01,Spain,andalusia,0,2,5,100,2,100,38929992.0,34.833333333333336,0,1,0
2023-05-01,Spain,andalusia,0,2,5,73,2,10,42696790.0,15.333333333333334,0,0,0
2023-06-01,Spain,andalusia,0,2,5,84,2,2,49720530.0,15.833333333333334,0,0,0
2023-07-01,Spain,andalusia,0,2,6,80,2,2,64451123.0,15.333333333333334,1,0,0
2023-08-01,Spain,andalusia,0,2,7,87,2,3,72495554.0,16.833333333333332,1,0,0
2023-09-01,Spain,andalusia,0,2,5,90,2,3,51485539.0,17.0,0,0,0
2023-10-01,Spain,andalusia,0,3,5,95,3,3,42557520.0,18.166666666666668,0,0,0
2023-11-01,Spain,andalusia,0,2,4,82,2,3,25542702.0,15.5,0,0,0
2023-12-01,Spain,andalusia,0,2,4,85,1,4,25026456.0,16.0,0,0,0
2024-01-01,Spain,andalusia,0,2,5,79,1,10,22812617.0,16.166666666666668,0,0,0
2024-02-01,Spain,andalusia,0,2,5,86,2,15,25168963.0,18.333333333333332,0,0,0
2024-03-01,Spain,andalusia,0,2,5,91,3,22,33696858.0,20.5,0,0,0
2024-04-01,Spain,andalusia,0,2,5,88,3,81,36094089.0,29.833333333333332,0,1,0
2024-05-01,Spain,andalusia,0,2,5,79,3,14,47236039.0,17.166666666666668,0,0,0
2024-06-01,Spain,andalusia,0,2,5,77,2,2,52253673.0,14.666666666666666,0,0,0
2024-07-01,Spain,andalusia,0,2,6,78,1,2,65504997.0,14.833333333333334,0,0,0
2024-08-01,Spain,andalusia,0,2,6,84,2,2,73791179.0,16.0,1,0,0
2024-09-01,Spain,andalusia,0,2,6,97,3,3,52868884.0,18.5,0,0,0
2024-10-01,Spain,andalusia,0,2,5,88,3,3,43871373.0,16.833333333333332,0,0,0
2024-11-01,Spain,andalusia,0,2,5,76,2,3,26806814.0,14.666666666666666,0,0,0
2024-12-01,Spain,andalusia,0,1,4,73,2,4,24979937.0,14.0,0,0,0
2025-01-01,Spain,andalusia,0,2,5,73,1,9,23619948.0,15.0,0,0,0
2025-02-01,Spain,andalusia,0,2,5,81,2,11,25264418.0,16.833333333333332,0,0,0
2025-03-01,Spain,andalusia,0,2,5,78,2,21,30251402.0,18.0,0,0,0
2025-04-01,Spain,andalusia,0,2,5,91,3,52,39809109.0,25.5,0,0,0
2025-05-01,Spain,andalusia,0,2,4,76,2,36,47170360.0,20.0,0,0,0
2025-06-01,Spain,andalusia,0,3,5,71,2,2,54175564.0,13.833333333333334,0,0,0
2025-07-01,Spain,andalusia,0,2,6,75,2,2,67091411.0,14.5,0,0,0
2025-08-01,Spain,andalusia,0,3,6,89,2,2,74367338.0,17.0,1,0,0
2025-09-01,Spain,andalusia,0,3,5,85,3,3,53888369.0,16.5,0,0,0
2025-10-01,Spain,andalusia,0,3,5,82,3,3,44751911.0,16.0,0,0,0
2025-11-01,Spain,andalusia,0,2,7,80,3,4,27377889.0,16.0,0,0,0
2025-12-01,Spain,andalusia,0,2,6,71,2,4,25809552.0,14.166666666666666,0,0,0
2026-01-01,Spain,andalusia,0,2,6,70,2,11,24000682.0,15.166666666666666,0,0,0
2026-02-01,Spain,andalusia,0,2,6,76,2,14,,16.666666666666668,0,0,0
2020-01-01,Spain,canary,1,9,2,0,68,0,21539039.0,13.333333333333334,0,0,0
2020-02-01,Spain,canary,1,11,1,0,80,0,23579845.0,15.5,0,0,0
2020-03-01,Spain,canary,0,4,1,0,52,0,10975525.0,9.5,0,0,0
2020-04-01,Spain,canary,0,1,0,0,31,80,0.0,18.666666666666668,0,0,0
2020-05-01,Spain,canary,0,2,0,0,42,0,572162.0,7.333333333333333,0,0,0
2020-06-01,Spain,canary,1,5,0,0,54,0,3916553.0,10.0,0,0,0
2020-07-01,Spain,canary,1,7,0,0,63,0,21755739.0,11.833333333333334,0,0,0
2020-08-01,Spain,canary,1,8,0,0,73,0,31661014.0,13.666666666666666,0,0,0
2020-09-01,Spain,canary,0,6,0,0,56,0,13395196.0,10.333333333333334,0,0,0
2020-10-01,Spain,canary,0,4,0,0,54,0,7849462.0,9.666666666666666,0,0,0
2020-11-01,Spain,canary,0,3,0,0,51,0,4357310.0,9.0,0,0,0
2020-12-01,Spain,canary,0,3,0,0,52,0,5074994.0,9.166666666666666,0,0,0
2021-01-01,Spain,canary,0,3,0,0,55,0,3905773.0,9.666666666666666,0,0,0
2021-02-01,Spain,canary,0,4,0,0,53,0,3691649.0,9.5,0,0,0
2021-03-01,Spain,canary,0,5,0,0,51,0,5591945.0,9.333333333333334,0,0,0
2021-04-01,Spain,canary,0,5,0,0,56,0,6910432.0,10.166666666666666,0,0,0
2021-05-01,Spain,canary,1,7,0,0,60,0,11092892.0,11.333333333333334,0,0,0
2021-06-01,Spain,canary,1,11,0,0,66,0,21634497.0,13.0,0,0,0
2021-07-01,Spain,canary,1,11,0,0,81,0,42349731.0,15.5,1,0,0
2021-08-01,Spain,canary,1,11,0,0,82,0,56753849.0,15.666666666666666,1,0,0
2021-09-01,Spain,canary,0,8,0,1,82,0,36255305.0,15.166666666666666,0,0,0
2021-10-01,Spain,canary,0,6,0,0,72,0,32217680.0,13.0,0,0,0
2021-11-01,Spain,canary,0,7,0,0,70,0,20237815.0,12.833333333333334,0,0,0
2021-12-01,Spain,canary,0,6,0,0,71,0,18790741.0,12.833333333333334,0,0,0
2022-01-01,Spain,canary,1,7,0,0,83,0,15394675.0,15.166666666666666,0,0,0
2022-02-01,Spain,canary,1,8,1,0,82,0,18990282.0,15.333333333333334,0,0,0
2022-03-01,Spain,canary,1,9,0,0,82,0,23600888.0,15.333333333333334,0,0,0
2022-04-01,Spain,canary,1,9,0,0,83,0,34558347.0,15.5,0,0,0
2022-05-01,Spain,canary,1,10,0,0,78,0,39486464.0,14.833333333333334,0,0,0
2022-06-01,Spain,canary,1,11,1,0,84,0,48649387.0,16.166666666666668,1,0,0
2022-07-01,Spain,canary,1,12,1,0,100,0,63965423.0,19.0,1,1,0
2022-08-01,Spain,canary,1,11,0,0,90,0,72032841.0,17.0,1,0,1
2022-09-01,Spain,canary,0,9,1,0,87,0,49012409.0,16.166666666666668,0,0,0
2022-10-01,Spain,canary,0,7,0,0,74,0,39265874.0,13.5,0,0,0
2022-11-01,Spain,canary,1,6,0,0,74,0,23611518.0,13.5,0,0,0
2022-12-01,Spain,canary,1,6,1,0,79,0,23056834.0,14.5,0,0,0
2023-01-01,Spain,canary,1,8,1,0,81,94,21452922.0,30.833333333333332,0,1,0
2023-02-01,Spain,canary,1,7,1,0,84,0,23000407.0,15.5,0,0,0
2023-03-01,Spain,canary,1,8,1,0,80,0,27550793.0,15.0,0,0,0
2023-04-01,Spain,canary,1,9,1,0,84,0,38929992.0,15.833333333333334,0,0,0
2023-05-01,Spain,canary,0,8,0,0,82,0,42696790.0,15.0,0,0,0
2023-06-01,Spain,canary,1,9,1,0,85,0,49720530.0,16.0,0,0,0
2023-07-01,Spain,canary,1,10,0,0,98,0,64451123.0,18.166666666666668,1,0,0
2023-08-01,Spain,canary,1,9,1,0,92,0,72495554.0,17.166666666666668,1,0,0
2023-09-01,Spain,canary,0,6,0,0,76,0,51485539.0,13.666666666666666,0,0,0
2023-10-01,Spain,canary,0,7,0,0,81,0,42557520.0,14.666666666666666,0,0,0
2023-11-01,Spain,canary,1,7,0,0,77,0,25542702.0,14.166666666666666,0,0,0
2023-12-01,Spain,canary,0,5,0,0,82,0,25026456.0,14.5,0,0,0
2024-01-01,Spain,canary,1,8,1,0,85,0,22812617.0,15.833333333333334,0,0,0
2024-02-01,Spain,canary,1,7,1,0,82,0,25168963.0,15.166666666666666,0,0,0
2024-03-01,Spain,canary,1,7,1,0,80,0,33696858.0,14.833333333333334,0,0,0
2024-04-01,Spain,canary,1,7,0,0,75,0,36094089.0,13.833333333333334,0,0,0
2024-05-01,Spain,canary,0,7,0,0,74,0,47236039.0,13.5,0,0,0
2024-06-01,Spain,canary,0,8,0,0,78,0,52253673.0,14.333333333333334,0,0,0
2024-07-01,Spain,canary,0,8,0,0,82,0,65504997.0,15.0,0,0,0
2024-08-01,Spain,canary,0,9,0,0,87,0,73791179.0,16.0,1,0,0
2024-09-01,Spain,canary,0,7,0,0,83,0,52868884.0,15.0,0,0,0
2024-10-01,Spain,canary,0,5,0,0,75,0,43871373.0,13.333333333333334,0,0,0
2024-11-01,Spain,canary,0,5,0,0,79,0,26806814.0,14.0,0,0,0
2024-12-01,Spain,canary,0,5,0,0,78,0,24979937.0,13.833333333333334,0,0,0
2025-01-01,Spain,canary,1,6,1,0,77,0,23619948.0,14.166666666666666,0,0,0
2025-02-01,Spain,canary,0,6,0,0,81,0,25264418.0,14.5,0,0,0
2025-03-01,Spain,canary,0,7,0,0,85,0,30251402.0,15.333333333333334,0,0,0
2025-04-01,Spain,canary,0,6,0,0,85,0,39809109.0,15.166666666666666,0,0,0
2025-05-01,Spain,canary,0,6,0,0,78,0,47170360.0,14.0,0,0,0
2025-06-01,Spain,canary,0,7,0,0,76,0,54175564.0,13.833333333333334,0,0,0
2025-07-01,Spain,canary,0,7,0,0,94,0,67091411.0,16.833333333333332,0,0,0
2025-08-01,Spain,canary,0,7,0,0,86,0,74367338.0,15.5,1,0,0
2025-09-01,Spain,canary,0,5,0,0,80,0,53888369.0,14.166666666666666,0,0,0
2025-10-01,Spain,canary,0,5,0,0,77,0,44751911.0,13.666666666666666,0,0,0
2025-11-01,Spain,canary,0,5,1,0,83,0,27377889.0,14.833333333333334,0,0,0
2025-12-01,Spain,canary,0,5,1,0,82,0,25809552.0,14.666666666666666,0,0,0
2026-01-01,Spain,canary,0,6,1,0,83,0,24000682.0,15.0,0,0,0
2026-02-01,Spain,canary,0,6,1,0,86,100,,32.166666666666664,0,1,0
