date,destination,google_trends,wiki_views,reddit_mentions
2020-01-01,Albania,0.0,0.11959381178431347,0.0
2020-02-01,Albania,0.0,0.09558774899491682,0.0
2020-03-01,Albania,0.0,0.10701072270285875,0.0
2020-04-01,Albania,0.0,0.13196448537484332,0.0
2020-05-01,Albania,0.0,0.11458298481890605,0.0
2020-06-01,Albania,0.0,0.09407127356703188,0.0
2020-07-01,Albania,0.0,0.11943508372516079,0.0
2020-08-01,Albania,0.0,0.10860889639648402,0.0
2020-09-01,Albania,0.0,0.1158971597792435,0.0
2020-10-01,Albania,0.0,0.10741221132306839,0.0
2020-11-01,Albania,0.0,0.10533396305837847,0.0
2020-12-01,Albania,0.0,0.10859022250717193,0.0
2021-01-01,Albania,0.0,0.10751180539939947,0.0
2021-02-01,Albania,0.0,0.10754215046953161,0.0
2021-03-01,Albania,0.0,0.1438340762688324,0.0
2021-04-01,Albania,0.0,0.13099499928805797,0.0
2021-05-01,Albania,0.0,0.15093404460102847,0.0
2021-06-01,Albania,0.0,0.14497863006791847,0.0
2021-07-01,Albania,0.0,0.1431843805365164,0.0
2021-08-01,Albania,0.0,0.15549903245911,0.0
2021-09-01,Albania,0.0,0.13916015738976376,0.0
2021-10-01,Albania,0.0,0.1276539292586388,0.0
2021-11-01,Albania,0.0,0.12547530883889646,0.0
2021-12-01,Albania,0.0,0.10662090526346912,0.0
2022-01-01,Albania,0.0,0.13994368266214965,0.0
2022-02-01,Albania,0.0,0.15690968918089318,0.0
2022-03-01,Albania,0.0,0.19437962616429755,0.0
2022-04-01,Albania,0.0,0.13692473722336382,0.0
2022-05-01,Albania,0.0,0.16281608475455894,0.0
2022-06-01,Albania,0.0,0.13466441853788114,0.0
2022-07-01,Albania,0.0,0.1535125974835378,0.0
2022-08-01,Albania,0.0,0.17854183379149202,0.0
2022-09-01,Albania,0.0,0.16245194391297343,0.0
2022-10-01,Albania,0.0,0.1572590465267733,0.0
2022-11-01,Albania,0.0,0.22893565833629648,0.0
2022-12-01,Albania,0.0,0.18914082213353853,0.0
2023-01-01,Albania,0.0,0.16071994067927828,0.0
2023-02-01,Albania,0.0,0.1429929731710676,0.0
2023-03-01,Albania,0.0,0.18015167866593734,0.0
2023-04-01,Albania,0.0,0.1500260267332287,0.0
2023-05-01,Albania,0.0,0.19548527602731677,0.0
2023-06-01,Albania,0.0,0.18987999691880825,0.0
2023-07-01,Albania,0.0,0.1939190035612663,0.0
2023-08-01,Albania,0.0,0.1818922407655672,0.0
2023-09-01,Albania,0.0,0.17559836198867584,0.0
2023-10-01,Albania,0.0,0.1730260337359372,0.0
2023-11-01,Albania,0.0,0.18479291823870989,0.0
2023-12-01,Albania,0.0,0.16737951645519783,0.0
2024-01-01,Albania,0.0,0.18614366289895012,0.0
2024-02-01,Albania,0.0,0.15776479769564206,0.0
2024-03-01,Albania,0.0,0.17283151405560304,0.0
2024-04-01,Albania,0.0,0.1552835046532998,0.0
2024-05-01,Albania,0.0,0.15805657721614325,0.0
2024-06-01,Albania,0.0,0.3668532240080858,0.0
2024-07-01,Albania,0.0,0.1588533298267919,0.0
2024-08-01,Albania,0.0,0.15018319863493867,0.0
2024-09-01,Albania,0.0,0.16350624058038446,0.0
2024-10-01,Albania,0.0,0.13851746436593976,0.0
2024-11-01,Albania,0.0,0.1161142437424964,0.0
2024-12-01,Albania,0.0,0.11880873035448489,0.0
2025-01-01,Albania,0.0,0.12774263023287116,0.0
2025-02-01,Albania,0.0,0.10504996432509062,0.0
2025-03-01,Albania,0.0,0.14184297282093217,0.0
2025-04-01,Albania,0.0,0.10505852319102532,0.0
2025-05-01,Albania,0.0,0.17030976091975128,0.0
2025-06-01,Albania,0.0,0.12200585582045678,0.0
2025-07-01,Albania,0.0,0.1290778133186847,0.0
2025-08-01,Albania,0.0,0.13155210365253495,0.0
2025-09-01,Albania,0.0,0.12937114899662858,0.0
2025-10-01,Albania,0.0,0.11823684249430252,0.0
2025-11-01,Albania,0.0,0.10573622975730945,0.0
2025-12-01,Albania,0.0,0.08861149517941327,0.0
2026-01-01,Albania,0.0,0.09941200591028596,0.0
2026-02-01,Albania,0.0,0.07820391420281556,0.0
2026-03-01,Albania,0.0,0.07934691184445895,0.0
2020-01-01,Japan,0.0,0.32293223634608004,0.0
2020-02-01,Japan,0.0,0.2840104044686617,0.0
2020-03-01,Japan,0.0,0.3081720830023257,0.0
2020-04-01,Japan,0.0,0.37156760298066394,0.0
2020-05-01,Japan,0.0,0.35613752385783876,0.0
2020-06-01,Japan,0.0,0.26128428117586366,0.0
2020-07-01,Japan,0.0,0.2790563772499119,0.0
2020-08-01,Japan,0.0,0.29941247275751876,0.0
2020-09-01,Japan,0.0,0.2960441699728528,0.0
2020-10-01,Japan,0.0,0.29755286461352437,0.0
2020-11-01,Japan,0.0,0.3101717453161606,0.0
2020-12-01,Japan,0.0,0.3139454271146429,0.0
2021-01-01,Japan,0.0,0.33692131367698996,0.0
2021-02-01,Japan,0.0,0.30996633253372774,0.0
2021-03-01,Japan,0.0,0.36836580904236405,0.0
2021-04-01,Japan,0.0,0.33551532542753476,0.0
2021-05-01,Japan,0.0,0.3475249704913645,0.0
2021-06-01,Japan,0.0,0.3071963722857696,0.0
2021-07-01,Japan,0.0,0.5179296570151188,0.0
2021-08-01,Japan,0.0,0.5346575714451334,0.0
2021-09-01,Japan,0.0,0.44608653635922957,0.0
2021-10-01,Japan,0.0,0.4592757487646055,0.0
2021-11-01,Japan,0.0,0.41385929380019093,0.0
2021-12-01,Japan,0.0,0.40513936557017216,0.0
2022-01-01,Japan,0.0,0.4863637813692162,0.0
2022-02-01,Japan,0.0,0.4634664807577241,0.0
2022-03-01,Japan,0.0,0.46498529042177306,0.0
2022-04-01,Japan,0.0,0.4321892723174374,0.0
2022-05-01,Japan,0.0,0.4553806866855947,0.0
2022-06-01,Japan,0.0,0.40980083518969945,0.0
2022-07-01,Japan,0.0,0.5304333820669972,0.0
2022-08-01,Japan,0.0,0.48910106231087824,0.0
2022-09-01,Japan,0.0,0.47417284396331516,0.0
2022-10-01,Japan,0.0,0.4744692919561443,0.0
2022-11-01,Japan,0.0,0.5202965724854246,0.0
2022-12-01,Japan,0.0,0.4779465257617974,0.0
2023-01-01,Japan,0.0,0.46435971512981855,0.0
2023-02-01,Japan,0.0,0.44527577833159687,0.0
2023-03-01,Japan,0.0,0.5312550331967286,0.0
2023-04-01,Japan,0.0,0.4787090429087072,0.0
2023-05-01,Japan,0.0,0.5097971782197092,0.0
2023-06-01,Japan,0.0,0.46392399104587,0.0
2023-07-01,Japan,0.0,0.4637216905783226,0.0
2023-08-01,Japan,0.0,0.43847926070072213,0.0
2023-09-01,Japan,0.0,0.38531080743563145,0.0
2023-10-01,Japan,0.0,0.37489311143565635,0.0
2023-11-01,Japan,0.0,0.369396763348135,0.0
2023-12-01,Japan,0.0,0.37535606827485163,0.0
2024-01-01,Japan,0.0,0.5406301037101128,0.0
2024-02-01,Japan,0.0,0.3745468664046616,0.0
2024-03-01,Japan,0.0,0.42666646955339055,0.0
2024-04-01,Japan,0.0,0.4230141680354368,0.0
2024-05-01,Japan,0.0,0.37022386102891575,0.0
2024-06-01,Japan,0.0,0.29381808675110893,0.0
2024-07-01,Japan,0.0,0.29670009033493955,0.0
2024-08-01,Japan,0.0,0.3497588345003217,0.0
2024-09-01,Japan,0.0,0.30399146603258437,0.0
2024-10-01,Japan,0.0,0.3285126169355058,0.0
2024-11-01,Japan,0.0,0.3159855495219873,0.0
2024-12-01,Japan,0.0,0.31963940719738376,0.0
2025-01-01,Japan,0.0,0.3271245244966414,0.0
2025-02-01,Japan,0.0,0.2852389907696521,0.0
2025-03-01,Japan,0.0,0.3428790624462639,0.0
2025-04-01,Japan,0.0,0.2950707934924608,0.0
2025-05-01,Japan,0.0,0.301167818352854,0.0
2025-06-01,Japan,0.0,0.26219930175215544,0.0
2025-07-01,Japan,0.0,0.25770200674283017,0.0
2025-08-01,Japan,0.0,0.26840992610586384,0.0
2025-09-01,Japan,0.0,0.2800336441239106,0.0
2025-10-01,Japan,0.0,0.35075166294874716,0.0
2025-11-01,Japan,0.0,0.27237190295490954,0.0
2025-12-01,Japan,0.0,0.2666724763211193,0.0
2026-01-01,Japan,0.0,0.2680885795939518,0.0
2026-02-01,Japan,0.0,0.2465910426021442,0.0
2026-03-01,Japan,0.0,0.233253217160993,0.0
2020-01-01,Kazakhstan,0.0,0.14937788715835534,0.0
2020-02-01,Kazakhstan,0.0,0.12395572109612618,0.0
2020-03-01,Kazakhstan,0.0,0.1264510195554525,0.0
2020-04-01,Kazakhstan,0.0,0.16652829833405564,0.0
2020-05-01,Kazakhstan,0.0,0.1460796114586097,0.0
2020-06-01,Kazakhstan,0.0,0.13017101392216254,0.0
2020-07-01,Kazakhstan,0.0,0.15149737359527612,0.0
2020-08-01,Kazakhstan,0.0,0.11972530708821935,0.0
2020-09-01,Kazakhstan,0.0,0.12617402353065668,0.0
2020-10-01,Kazakhstan,0.0,0.38837488144025484,0.0
2020-11-01,Kazakhstan,0.0,0.20182194913388166,0.0
2020-12-01,Kazakhstan,0.0,0.13046045920649976,0.0
2021-01-01,Kazakhstan,0.0,0.14365122776931832,0.0
2021-02-01,Kazakhstan,0.0,0.11834266120040429,0.0
2021-03-01,Kazakhstan,0.0,0.15586317330069552,0.0
2021-04-01,Kazakhstan,0.0,0.16505928570817224,0.0
2021-05-01,Kazakhstan,0.0,0.1571656770802129,0.0
2021-06-01,Kazakhstan,0.0,0.14088671407240955,0.0
2021-07-01,Kazakhstan,0.0,0.1599138511239736,0.0
2021-08-01,Kazakhstan,0.0,0.20962452255144462,0.0
2021-09-01,Kazakhstan,0.0,0.1521058311553613,0.0
2021-10-01,Kazakhstan,0.0,0.12487696630218864,0.0
2021-11-01,Kazakhstan,0.0,0.11864766805916821,0.0
2021-12-01,Kazakhstan,0.0,0.12216224964344541,0.0
2022-01-01,Kazakhstan,0.0,0.8039397237976155,0.0
2022-02-01,Kazakhstan,0.0,0.2610508575594627,0.0
2022-03-01,Kazakhstan,0.0,0.3061163990205545,0.0
2022-04-01,Kazakhstan,0.0,0.17989413460917494,0.0
2022-05-01,Kazakhstan,0.0,0.14899740666362177,0.0
2022-06-01,Kazakhstan,0.0,0.15732673937552957,0.0
2022-07-01,Kazakhstan,0.0,0.21845026948756513,0.0
2022-08-01,Kazakhstan,0.0,0.15036137866212476,0.0
2022-09-01,Kazakhstan,0.0,0.255965335036807,0.0
2022-10-01,Kazakhstan,0.0,0.21933572307244614,0.0
2022-11-01,Kazakhstan,0.0,0.17227207545496206,0.0
2022-12-01,Kazakhstan,0.0,0.16542965117952843,0.0
2023-01-01,Kazakhstan,0.0,0.20494515712132658,0.0
2023-02-01,Kazakhstan,0.0,0.1489491657828989,0.0
2023-03-01,Kazakhstan,0.0,0.23634452392086314,0.0
2023-04-01,Kazakhstan,0.0,0.15952714599946935,0.0
2023-05-01,Kazakhstan,0.0,0.18427471781029972,0.0
2023-06-01,Kazakhstan,0.0,0.1780158525758685,0.0
2023-07-01,Kazakhstan,0.0,0.19721805733973327,0.0
2023-08-01,Kazakhstan,0.0,0.1736780637044172,0.0
2023-09-01,Kazakhstan,0.0,0.18367248487998525,0.0
2023-10-01,Kazakhstan,0.0,0.2103333522665822,0.0
2023-11-01,Kazakhstan,0.0,0.20095905983191942,0.0
2023-12-01,Kazakhstan,0.0,0.18189924347405922,0.0
2024-01-01,Kazakhstan,0.0,0.20433747763996274,0.0
2024-02-01,Kazakhstan,0.0,0.1709462293138046,0.0
2024-03-01,Kazakhstan,0.0,0.19591710971765858,0.0
2024-04-01,Kazakhstan,0.0,0.1804146692737491,0.0
2024-05-01,Kazakhstan,0.0,0.18521541498439562,0.0
2024-06-01,Kazakhstan,0.0,0.14212697155422002,0.0
2024-07-01,Kazakhstan,0.0,0.16072616530904896,0.0
2024-08-01,Kazakhstan,0.0,0.16558059845146772,0.0
2024-09-01,Kazakhstan,0.0,0.14980116198276244,0.0
2024-10-01,Kazakhstan,0.0,0.16494957660846377,0.0
2024-11-01,Kazakhstan,0.0,0.1513565413467142,0.0
2024-12-01,Kazakhstan,0.0,0.20872973202190756,0.0
2025-01-01,Kazakhstan,0.0,0.14258059144875923,0.0
2025-02-01,Kazakhstan,0.0,0.11331782881801283,0.0
2025-03-01,Kazakhstan,0.0,0.15400278707797982,0.0
2025-04-01,Kazakhstan,0.0,0.11766417655539882,0.0
2025-05-01,Kazakhstan,0.0,0.13874388527384868,0.0
2025-06-01,Kazakhstan,0.0,0.14608350185221639,0.0
2025-07-01,Kazakhstan,0.0,0.12890430176382664,0.0
2025-08-01,Kazakhstan,0.0,0.16294213350741546,0.0
2025-09-01,Kazakhstan,0.0,0.15295627119778216,0.0
2025-10-01,Kazakhstan,0.0,0.13620812672101287,0.0
2025-11-01,Kazakhstan,0.0,0.14198302699077275,0.0
2025-12-01,Kazakhstan,0.0,0.11893400102862006,0.0
2026-01-01,Kazakhstan,0.0,0.16760515928438544,0.0
2026-02-01,Kazakhstan,0.0,0.1855896708493585,0.0
2026-03-01,Kazakhstan,0.0,0.11744398027726058,0.0
2020-01-01,Madeira,0.0,0.01458897602506036,0.0
2020-02-01,Madeira,0.0,0.01038423861495763,0.0
2020-03-01,Madeira,0.0,0.0135914791043069,0.0
2020-04-01,Madeira,0.0,0.008920672540123575,0.0
2020-05-01,Madeira,0.0,0.010261302176986453,0.0
2020-06-01,Madeira,0.0,0.0,0.0
2020-07-01,Madeira,0.0,0.006638567650443468,0.0
2020-08-01,Madeira,0.0,0.005823141150482762,0.0
2020-09-01,Madeira,0.0,0.00779323647290691,0.0
2020-10-01,Madeira,0.0,0.010245740602559728,0.0
2020-11-01,Madeira,0.0,0.012732480195951343,0.0
2020-12-01,Madeira,0.0,0.013796113808018415,0.0
2021-01-01,Madeira,0.0,0.014063772888158188,0.0
2021-02-01,Madeira,0.0,0.004851320827533409,0.0
2021-03-01,Madeira,0.0,0.015563130584173725,0.0
2021-04-01,Madeira,0.0,0.014287859559903117,0.0
2021-05-01,Madeira,0.0,0.021041582861104392,0.0
2021-06-01,Madeira,0.0,0.03671986909603592,0.0
2021-07-01,Madeira,0.0,0.027280996127502205,0.0
2021-08-01,Madeira,0.0,0.03168258745410309,0.0
2021-09-01,Madeira,0.0,0.030188676309136894,0.0
2021-10-01,Madeira,0.0,0.02390880294922959,0.0
2021-11-01,Madeira,0.0,0.013778996076149012,0.0
2021-12-01,Madeira,0.0,0.02033275314596679,0.0
2022-01-01,Madeira,0.0,0.026182348972974986,0.0
2022-02-01,Madeira,0.0,0.02253549400607057,0.0
2022-03-01,Madeira,0.0,0.024019290127659382,0.0
2022-04-01,Madeira,0.0,0.043538172931108135,0.0
2022-05-01,Madeira,0.0,0.028117430752939,0.0
2022-06-01,Madeira,0.0,0.0219783896415936,0.0
2022-07-01,Madeira,0.0,0.025371590945342304,0.0
2022-08-01,Madeira,0.0,0.03285904248076395,0.0
2022-09-01,Madeira,0.0,0.0260804206604799,0.0
2022-10-01,Madeira,0.0,0.0330706798929675,0.0
2022-11-01,Madeira,0.0,0.04678898582885224,0.0
2022-12-01,Madeira,0.0,0.06436578414384497,0.0
2023-01-01,Madeira,0.0,0.05672116070671333,0.0
2023-02-01,Madeira,0.0,0.03239452948412602,0.0
2023-03-01,Madeira,0.0,0.04499784861233551,0.0
2023-04-01,Madeira,0.0,0.034131201190149216,0.0
2023-05-01,Madeira,0.0,0.03714080968427899,0.0
2023-06-01,Madeira,0.0,0.03162967810105219,0.0
2023-07-01,Madeira,0.0,0.03881134469898857,0.0
2023-08-01,Madeira,0.0,0.03604605292335847,0.0
2023-09-01,Madeira,0.0,0.031423487239898004,0.0
2023-10-01,Madeira,0.0,0.03349628895353858,0.0
2023-11-01,Madeira,0.0,0.02859517108783964,0.0
2023-12-01,Madeira,0.0,0.027152613138481677,0.0
2024-01-01,Madeira,0.0,0.06475482350451324,0.0
2024-02-01,Madeira,0.0,0.03712913850345895,0.0
2024-03-01,Madeira,0.0,0.0402212233420504,0.0
2024-04-01,Madeira,0.0,0.032356403626780536,0.0
2024-05-01,Madeira,0.0,0.02433985856085004,0.0
2024-06-01,Madeira,0.0,0.03470697944393826,0.0
2024-07-01,Madeira,0.0,0.044925487291251204,0.0
2024-08-01,Madeira,0.0,0.03848610779346989,0.0
2024-09-01,Madeira,0.0,0.03033184279386282,0.0
2024-10-01,Madeira,0.0,0.12767649354155758,0.0
2024-11-01,Madeira,0.0,0.11741596944329244,0.0
2024-12-01,Madeira,0.0,0.21825108133490295,0.0
2025-01-01,Madeira,0.0,0.36521069982734433,0.0
2025-02-01,Madeira,0.0,0.19272387464529336,0.0
2025-03-01,Madeira,0.0,0.2776270466388166,0.0
2025-04-01,Madeira,0.0,0.3094776990967284,0.0
2025-05-01,Madeira,0.0,0.7657539543905815,0.0
2025-06-01,Madeira,0.0,0.6948865444512483,0.0
2025-07-01,Madeira,0.0,0.7503822311718565,0.0
2025-08-01,Madeira,0.0,1.0,0.0
2025-09-01,Madeira,0.0,0.6839724342270604,0.0
2025-10-01,Madeira,0.0,0.7266640575093544,0.0
2025-11-01,Madeira,0.0,0.48611790849327385,0.0
2025-12-01,Madeira,0.0,0.028036510565919992,0.0
2026-01-01,Madeira,0.0,0.03536990251451701,0.0
2026-02-01,Madeira,0.0,0.019993510823464053,0.0
2026-03-01,Madeira,0.0,0.01357280521499482,0.0
2020-01-01,Faroe Islands,0.0,0.0537784669826185,0.0
2020-02-01,Faroe Islands,0.0,0.04708154342807479,0.0
2020-03-01,Faroe Islands,0.0,0.08038175654383656,0.0
2020-04-01,Faroe Islands,0.0,0.11021485087732266,0.0
2020-05-01,Faroe Islands,0.0,0.1202116062890547,0.0
2020-06-01,Faroe Islands,0.0,0.042674505550424555,0.0
2020-07-01,Faroe Islands,0.0,0.06059910505385471,0.0
2020-08-01,Faroe Islands,0.0,0.06303915992396615,0.0
2020-09-01,Faroe Islands,0.0,0.06363361206706727,0.0
2020-10-01,Faroe Islands,0.0,0.06066446366644698,0.0
2020-11-01,Faroe Islands,0.0,0.059731547279564465,0.0
2020-12-01,Faroe Islands,0.0,0.10854431586261307,0.0
2021-01-01,Faroe Islands,0.0,0.08014210829766491,0.0
2021-02-01,Faroe Islands,0.0,0.052300895490800386,0.0
2021-03-01,Faroe Islands,0.0,0.09854911660832372,0.0
2021-04-01,Faroe Islands,0.0,0.07343973819207184,0.0
2021-05-01,Faroe Islands,0.0,0.06426152159518587,0.0
2021-06-01,Faroe Islands,0.0,0.0631146335599358,0.0
2021-07-01,Faroe Islands,0.0,0.062313990555680474,0.0
2021-08-01,Faroe Islands,0.0,0.12140673520502762,0.0
2021-09-01,Faroe Islands,0.0,0.15835458136641517,0.0
2021-10-01,Faroe Islands,0.0,0.10338798817631575,0.0
2021-11-01,Faroe Islands,0.0,0.05627999007171551,0.0
2021-12-01,Faroe Islands,0.0,0.05672271686415602,0.0
2022-01-01,Faroe Islands,0.0,0.059232798819187735,0.0
2022-02-01,Faroe Islands,0.0,0.05264013781330312,0.0
2022-03-01,Faroe Islands,0.0,0.07484961683513368,0.0
2022-04-01,Faroe Islands,0.0,0.06245949127657041,0.0
2022-05-01,Faroe Islands,0.0,0.058347345234306736,0.0
2022-06-01,Faroe Islands,0.0,0.07790357581637965,0.0
2022-07-01,Faroe Islands,0.0,0.13397970926310498,0.0
2022-08-01,Faroe Islands,0.0,0.07521531383416186,0.0
2022-09-01,Faroe Islands,0.0,0.07780865021237658,0.0
2022-10-01,Faroe Islands,0.0,0.06280573630756518,0.0
2022-11-01,Faroe Islands,0.0,0.059735437673171146,0.0
2022-12-01,Faroe Islands,0.0,0.06308662272596767,0.0
2023-01-01,Faroe Islands,0.0,0.08453436267960975,0.0
2023-02-01,Faroe Islands,0.0,0.0529420323571817,0.0
2023-03-01,Faroe Islands,0.0,0.08318750841297617,0.0
2023-04-01,Faroe Islands,0.0,0.09498084759227429,0.0
2023-05-01,Faroe Islands,0.0,0.08342171010809847,0.0
2023-06-01,Faroe Islands,0.0,0.10308531555371583,0.0
2023-07-01,Faroe Islands,0.0,0.1462990296580266,0.0
2023-08-01,Faroe Islands,0.0,0.10993707677380551,0.0
2023-09-01,Faroe Islands,0.0,0.07873845428437376,0.0
2023-10-01,Faroe Islands,0.0,0.06963804555962144,0.0
2023-11-01,Faroe Islands,0.0,0.07649525333076049,0.0
2023-12-01,Faroe Islands,0.0,0.05698570747196777,0.0
2024-01-01,Faroe Islands,0.0,0.09775469823383912,0.0
2024-02-01,Faroe Islands,0.0,0.08862161020279066,0.0
2024-03-01,Faroe Islands,0.0,0.08664451217187447,0.0
2024-04-01,Faroe Islands,0.0,0.06772941845618288,0.0
2024-05-01,Faroe Islands,0.0,0.05838702724909489,0.0
2024-06-01,Faroe Islands,0.0,0.05924758231489312,0.0
2024-07-01,Faroe Islands,0.0,0.07580198519004962,0.0
2024-08-01,Faroe Islands,0.0,0.0698434583420543,0.0
2024-09-01,Faroe Islands,0.0,0.0655671376895886,0.0
2024-10-01,Faroe Islands,0.0,0.06163317167451099,0.0
2024-11-01,Faroe Islands,0.0,0.07892597125621588,0.0
2024-12-01,Faroe Islands,0.0,0.08769569652440015,0.0
2025-01-01,Faroe Islands,0.0,0.16614548360315806,0.0
2025-02-01,Faroe Islands,0.0,0.06315042518111727,0.0
2025-03-01,Faroe Islands,0.0,0.07826693857924381,0.0
2025-04-01,Faroe Islands,0.0,0.060430261971324686,0.0
2025-05-01,Faroe Islands,0.0,0.054661586331335485,0.0
2025-06-01,Faroe Islands,0.0,0.04456834915815773,0.0
2025-07-01,Faroe Islands,0.0,0.07467999567388231,0.0
2025-08-01,Faroe Islands,0.0,0.05985059332392895,0.0
2025-09-01,Faroe Islands,0.0,0.04753827563749935,0.0
2025-10-01,Faroe Islands,0.0,0.07487840574782313,0.0
2025-11-01,Faroe Islands,0.0,0.047681442122225276,0.0
2025-12-01,Faroe Islands,0.0,0.05024754574519322,0.0
2026-01-01,Faroe Islands,0.0,0.1609331342489245,0.0
2026-02-01,Faroe Islands,0.0,0.042654275503669806,0.0
2026-03-01,Faroe Islands,0.0,0.04249476936579581,0.0
2020-01-01,Rome,0.0,0.0794885221717422,0.0
2020-02-01,Rome,0.0,0.07581287829214833,0.0
2020-03-01,Rome,0.0,0.11097892418167515,0.0
2020-04-01,Rome,0.0,0.08944403941124338,0.0
2020-05-01,Rome,0.0,0.0691517463587861,0.0
2020-06-01,Rome,0.0,0.04519548060755499,0.0
2020-07-01,Rome,0.0,0.04723093454257141,0.0
2020-08-01,Rome,0.0,0.04919480523522486,0.0
2020-09-01,Rome,0.0,0.04973245763166842,0.0
2020-10-01,Rome,0.0,0.06958747044273457,0.0
2020-11-01,Rome,0.0,0.07190381079615349,0.0
2020-12-01,Rome,0.0,0.06977031894224867,0.0
2021-01-01,Rome,0.0,0.07677380551299896,0.0
2021-02-01,Rome,0.0,0.05720590375010601,0.0
2021-03-01,Rome,0.0,0.06897512248904271,0.0
2021-04-01,Rome,0.0,0.0652667993031527,0.0
2021-05-01,Rome,0.0,0.07596693787897296,0.0
2021-06-01,Rome,0.0,0.06667745602493587,0.0
2021-07-01,Rome,0.0,0.10263947644638999,0.0
2021-08-01,Rome,0.0,0.08596680560559034,0.0
2021-09-01,Rome,0.0,0.08354931501839767,0.0
2021-10-01,Rome,0.0,0.09689103085315554,0.0
2021-11-01,Rome,0.0,0.08322952466392834,0.0
2021-12-01,Rome,0.0,0.0757568566242121,0.0
2022-01-01,Rome,0.0,0.088703308468531,0.0
2022-02-01,Rome,0.0,0.08121663501183068,0.0
2022-03-01,Rome,0.0,0.0853956958241293,0.0
2022-04-01,Rome,0.0,0.09166311992449525,0.0
2022-05-01,Rome,0.0,0.10349691919730286,0.0
2022-06-01,Rome,0.0,0.08943081207298068,0.0
2022-07-01,Rome,0.0,0.08751518226105007,0.0
2022-08-01,Rome,0.0,0.10056278433914273,0.0
2022-09-01,Rome,0.0,0.10648940995956324,0.0
2022-10-01,Rome,0.0,0.11414959497112159,0.0
2022-11-01,Rome,0.0,0.10487334045534721,0.0
2022-12-01,Rome,0.0,0.09138145542737142,0.0
2023-01-01,Rome,0.0,0.10948501303670896,0.0
2023-02-01,Rome,0.0,0.090397963923602,0.0
2023-03-01,Rome,0.0,0.11295913452747669,0.0
2023-04-01,Rome,0.0,0.10718812465132346,0.0
2023-05-01,Rome,0.0,0.12626428066233172,0.0
2023-06-01,Rome,0.0,0.10551525540044987,0.0
2023-07-01,Rome,0.0,0.10649174419572727,0.0
2023-08-01,Rome,0.0,0.09672374392806818,0.0
2023-09-01,Rome,0.0,0.10066160033675248,0.0
2023-10-01,Rome,0.0,0.09533176109559707,0.0
2023-11-01,Rome,0.0,0.08598625757362376,0.0
2023-12-01,Rome,0.0,0.08860604862836391,0.0
2024-01-01,Rome,0.0,0.1087536190386526,0.0
2024-02-01,Rome,0.0,0.08847455332445806,0.0
2024-03-01,Rome,0.0,0.09115270028329847,0.0
2024-04-01,Rome,0.0,0.09503920349637454,0.0
2024-05-01,Rome,0.0,0.0883072663993707,0.0
2024-06-01,Rome,0.0,0.07553821650351653,0.0
2024-07-01,Rome,0.0,0.07304603035907554,0.0
2024-08-01,Rome,0.0,0.07009399969032466,0.0
2024-09-01,Rome,0.0,0.07039044768315389,0.0
2024-10-01,Rome,0.0,0.07687495574677272,0.0
2024-11-01,Rome,0.0,0.07748652562174325,0.0
2024-12-01,Rome,0.0,0.07415790485186548,0.0
2025-01-01,Rome,0.0,0.08314471408330266,0.0
2025-02-01,Rome,0.0,0.07041768043840067,0.0
2025-03-01,Rome,0.0,0.08366524874787681,0.0
2025-04-01,Rome,0.0,0.10159373864491367,0.0
2025-05-01,Rome,0.0,0.09875608554819926,0.0
2025-06-01,Rome,0.0,0.059923732723734593,0.0
2025-07-01,Rome,0.0,0.05643482773726148,0.0
2025-08-01,Rome,0.0,0.061731987672120736,0.0
2025-09-01,Rome,0.0,0.06106439612921398,0.0
2025-10-01,Rome,0.0,0.0642856420355473,0.0
2025-11-01,Rome,0.0,0.05386950219301487,0.0
2025-12-01,Rome,0.0,0.05239659917352478,0.0
2026-01-01,Rome,0.0,0.058870214135044896,0.0
2026-02-01,Rome,0.0,0.052987939001740564,0.0
2026-03-01,Rome,0.0,0.04240217799795676,0.0
